Particion, Aciertos(%) , Error(%), Tiempo(sg) 
1, 84.3373, 15.6627, 0.539306
2, 90.3614, 9.63855, 0.484297
3, 86.747, 13.253, 0.263911
4, 89.1566, 10.8434, 0.40158
5, 92.7711, 7.22892, 0.346895
promedio, 88.6747, 11.3253, 0.407198
solucion: [ 0.0739855, 0.138209, 0.330333, 0.25819, 0.19568, 0.176483, 0.442819, 0.309596, 0.197926, 0.339847, 0.291099, 0.254784, 0.254151, 0.224876, 0.204577, 0.307724, 0.34633, 0.150896, 0.175704, 0.329534, 0.205036, 0.117738, 0.166945, 0.0938381, 0.251426, 0.177642, 0.0867497, 0.342843, 0.178034, 0.251926, 0.272397, 0.408845, 0.117163, 0.162831, 0.131428, 0.318441, 0.178544, 0.278346, 0.26217, 0.203306, 0.336172, 0.300632, 0.230173, 0.188418, 0.262751, 0.0961007, 0.157649, 0.124738, 0.193527, -0.0418362, 0.151898, 0.293055, 0.215422, 0.163653, 0.287118, 0.303285, 0.226324, 0.177953, 0.24195, 0.319245 ]
