Particion, Aciertos(%) , Error(%), Tiempo(sg) 
1, 87.9518, 12.0482, 5.39431
2, 90.3614, 9.63855, 4.776
3, 91.5663, 8.43373, 3.9551
4, 93.9759, 6.0241, 7.68466
5, 95.1807, 4.81928, 8.09692
promedio, 91.8072, 8.19277, 5.9814
solucion: [ 0.00174431, 0.00536251, 0.0108707, 0.113703, 0.0146234, 0.142491, 0.206751, 0.0933955, 0.423542, 0.384337, 0.516925, 0.604975, 0.25232, 0.299618, 0.16124, 0.22337, 0.217289, 0.188651, 0.129926, 0.391097, 0.343499, 0.403718, 0.547524, 0.196459, 0.226234, 0.331252, 0.241994, 0.274313, 0.287435, 0.448655, 0.360446, 0.54633, 0.321604, 0.460256, 0.314614, 0.539553, 0.562854, 0.174913, 0.285276, 0.34548, 0.670357, 0.395042, 0.489454, 0.401202, 0.70706, 0.460877, 0.20996, 0.129023, 0.0353045, 0.00101698, 0.00263845, 0.00252185, 0.00108766, 0.000686265, 0.000489027, 0.000184139, 0.000178555, 0.000644596, 2.81656e-05, 0.000355352 ]
