Particion, Aciertos(%) , Error(%), Tiempo(sg) 
1, 84.3373, 15.6627, 1.87742
2, 92.7711, 7.22892, 5.60734
3, 93.9759, 6.0241, 7.68041
4, 90.3614, 9.63855, 5.80896
5, 95.1807, 4.81928, 4.77883
promedio, 91.3253, 8.6747, 5.15059
solucion: [ 0.459084, 0.352885, 0.470081, 0.401278, 0.26013, 0.350645, 0.236411, 0.279943, 0.418276, 0.418243, 0.424877, 0.317465, 0.106396, 0.316086, 0.389732, 0.265895, 0.453398, 0.279958, 0.235404, 0.131446, 0.261598, 0.36946, 0.415338, 0.41834, 0.416818, 0.431709, 0.186219, 0.352465, 0.0649657, 0.268985, 0.350041, 0.470996, 0.506811, 0.31679, 0.661977, 0.513865, 0.355589, 0.497491, 0.184377, 0.784688, 0.585973, 0.560417, 0.438803, 0.548658, 0.628717, 0.390751, 0.438573, 0.499548, 0.448274, 0.846486, 0.31358, 0.470434, 0.511302, 0.581102, 0.483858, 0.499521, 0.640723, 0.631841, 0.395304, 0.529105 ]
