Particion, Aciertos(%) , Error(%), Tiempo(sg) 
1, 89.1566, 10.8434, 3.55466
2, 92.7711, 7.22892, 3.61533
3, 91.5663, 8.43373, 3.59538
4, 92.7711, 7.22892, 3.6235
5, 92.7711, 7.22892, 3.53251
promedio, 91.8072, 8.19277, 3.58428
solucion: [ 0.555334, 0.473977, 0.549463, 0.439661, 0.320685, 0.461498, 0.475521, 0.408361, 0.510837, 0.520446, 0.343243, 0.4082, 0.409994, 0.216379, 0.483192, 0.335791, 0.348561, 0.28455, 0.240124, 0.341997, 0.410689, 0.52475, 0.464083, 0.29582, 0.497442, 0.388273, 0.398387, 0.41992, 0.397044, 0.486376, 0.506126, 0.587731, 0.525477, 0.510758, 0.751258, 0.654527, 0.476749, 0.331432, 0.486785, 0.426548, 0.504152, 0.560812, 0.548512, 0.701159, 0.426144, 0.687835, 0.55601, 0.519918, 0.466083, 0.480712, 0.474255, 0.440071, 0.499931, 0.526658, 0.657, 0.481347, 0.380022, 0.457758, 0.498835, 0.331802 ]
