maxIter, NumGen, maxIterWC, %Aciertos, Tiempo
150, 80, 3, 85.5422, 1.83963
250, 150, 3, 88.5542, 5.61831
350, 250, 3, 88.5542, 9.85058
500, 450, 3, 88.5542, 15.5378
150, 80, 4, 86.747, 3.83648
250, 150, 4, 89.759, 8.40371
350, 250, 4, 89.1566, 15.8955
500, 450, 4, 89.759, 23.308
