maxIter, NumGen, maxIterWC, %Aciertos, Tiempo
15, 10, 3, 89.4273, 1.33782
40, 20, 3, 89.6476, 3.04014
50, 30, 3, 94.4934, 8.26167
100, 60, 3, 96.2555, 30.1906
150, 80, 3, 92.7313, 22.1498
15, 10, 4, 85.9031, 1.81677
40, 20, 4, 93.1718, 4.35872
50, 30, 4, 91.8502, 6.88045
100, 60, 4, 94.4934, 17.574
150, 80, 4, 93.6123, 34.4008
