maxIter, NumGen, maxIterWC, %Aciertos, Tiempo
15, 10, 3, 92.2907, 1.65303
40, 20, 3, 92.511, 3.18228
50, 30, 3, 92.511, 6.70977
100, 60, 3, 94.9339, 12.0594
150, 80, 3, 94.4934, 13.2045
15, 10, 4, 91.4097, 1.04342
40, 20, 4, 93.3921, 4.72845
50, 30, 4, 94.9339, 6.89954
100, 60, 4, 94.4934, 10.692
150, 80, 4, 95.3744, 26.3753
