maxIter, NumGen, maxIterWC, %Aciertos, Tiempo
2, 3, 3, 97.5, 0.0056145
5, 4, 3, 96.6667, 0.005287
10, 8, 3, 97.5, 0.0106905
50, 20, 3, 97.5, 0.025469
2, 3, 4, 97.5, 0.007122
5, 4, 4, 96.6667, 0.006225
10, 8, 4, 97.5, 0.0178455
50, 20, 4, 97.5, 0.03602
