maxIter, NumGen, maxIterWC, %Aciertos, Tiempo
2, 3, 3, 97.5, 0.0072405
5, 4, 3, 98.3333, 0.0069645
10, 8, 3, 97.5, 0.013895
50, 20, 3, 97.5, 0.0254675
2, 3, 4, 97.5, 0.0072445
5, 4, 4, 98.3333, 0.011036
10, 8, 4, 97.5, 0.014299
50, 20, 4, 97.5, 0.036013
