maxIter, popSize, maxIterWC, %Aciertos, Tiempo
2, 5, 2, 97.5, 0.0225335
2, 5, 4, 97.5, 0.0227095
2, 5, 6, 97.5, 0.022474
2, 5, 8, 97.5, 0.023055
10, 5, 2, 97.5, 0.033398
10, 5, 4, 98.3333, 0.0550625
10, 5, 6, 97.5, 0.076187
10, 5, 8, 98.3333, 0.0983225
50, 5, 2, 98.3333, 0.0336085
50, 5, 4, 98.3333, 0.055009
50, 5, 6, 98.3333, 0.075022
50, 5, 8, 98.3333, 0.0965235
2, 10, 4, 97.5, 0.101311
2, 10, 6, 98.3333, 0.099992
2, 10, 8, 98.3333, 0.101543
10, 10, 2, 98.3333, 0.148722
10, 10, 4, 98.3333, 0.243982
10, 10, 6, 99.1667, 0.34275
10, 10, 8, 99.1667, 0.43498
50, 10, 2, 98.3333, 0.150023
50, 10, 4, 98.3333, 0.246687
50, 10, 6, 99.1667, 0.345515
50, 10, 8, 99.1667, 0.437731
2, 20, 4, 99.1667, 0.419829
2, 20, 6, 99.1667, 0.420353
2, 20, 8, 99.1667, 0.425347
10, 20, 2, 99.1667, 0.630875
10, 20, 4, 99.1667, 1.04929
10, 20, 6, 99.1667, 1.46079
10, 20, 8, 99.1667, 1.86167
50, 20, 2, 99.1667, 0.623293
50, 20, 4, 99.1667, 1.03611
50, 20, 6, 99.1667, 1.4464
50, 20, 8, 98.3333, 1.84269
