Particion, Aciertos(%) , Error(%), Tiempo(sg) 
1, 96.6667, 3.33333, 0.00444
2, 98.3333, 1.66667, 0.004386
3, 98.3333, 1.66667, 0.004435
4, 96.6667, 3.33333, 0.004465
5, 96.6667, 3.33333, 0.004453
promedio, 97.3333, 2.66667, 0.0044358
solucion: [ 0.488014, 0.532067, 0.281278, 0.661454 ]
