Particion, Aciertos(%) , Error(%), Tiempo(sg) 
1, 96.6667, 3.33333, 0
2, 98.3333, 1.66667, 0
3, 93.3333, 6.66667, 0
4, 95, 5, 0
