Particion, Aciertos(%) , Error(%), Tiempo(sg) 
1, 95, 5, 0
2, 98.3333, 1.66667, 0
3, 96.6667, 3.33333, 0
4, 96.6667, 3.33333, 0
