Particion, Aciertos(%) , Error(%), Tiempo(sg) 
1, 98.3333, 1.66667, 0.022168
2, 98.3333, 1.66667, 0.028861
3, 98.3333, 1.66667, 0.035686
4, 100, 0, 0.046238
5, 98.3333, 1.66667, 0.039298
promedio, 98.6667, 1.33333, 0.0344502
solucion: [ 0.666929, 0.549467, 0.676036, 0.462461 ]
