Particion, Aciertos(%) , Error(%), Tiempo(sg) 
1, 98.3333, 1.66667, 0.036196
2, 98.3333, 1.66667, 0.028689
3, 98.3333, 1.66667, 0.035973
4, 100, 0, 0.081547
5, 100, 0, 0.046591
promedio, 99, 1, 0.0457992
solucion: [ 0.258726, 0.43725, 0.674014, 0.486377 ]
