Particion, Aciertos(%) , Error(%), Tiempo(sg) 
1, 95, 5, 0
2, 96.6667, 3.33333, 0
3, 95, 5, 0
4, 96.6667, 3.33333, 0
promedio, 95.8333, 4.16667, 0
