Particion, Aciertos(%) , Error(%), Tiempo(sg) 
1, 95, 5, 0.000172
2, 96.6667, 3.33333, 0.000446
3, 95, 5, 0.000206
4, 96.6667, 3.33333, 0.000172
5, 98.3333, 1.66667, 0.000172
promedio, 96.3333, 3.66667, 0.0002336
solucion: [ 1, 1, 1, 1 ]
