Particion, Aciertos(%) , Error(%), Tiempo(sg) 
1, 95, 5, 0.001762
2, 96.6667, 3.33333, 0.00176
3, 93.3333, 6.66667, 0.001762
4, 93.3333, 6.66667, 0.001747
5, 93.3333, 6.66667, 0.001726
promedio, 94.3333, 5.66667, 0.0017514
solucion: [ 0.109198, 0.306227, 1, 0.327801 ]
