Particion, Aciertos(%) , Error(%), Tiempo(sg) 
1, 90, 10, 0
2, 93.3333, 6.66667, 1
3, 86.6667, 13.3333, 0
4, 98.3333, 1.66667, 0
5, 98.3333, 1.66667, 0
promedio, 93.3333, 6.66667, 0.2
