Particion, Aciertos(%) , Error(%), Tiempo(sg) 
1, 93.3333, 6.66667, 0
2, 96.6667, 3.33333, 0
3, 96.6667, 3.33333, 0
4, 96.6667, 3.33333, 0
5, 96.6667, 3.33333, 0
promedio, 96, 4, 0
