Particion, Aciertos(%) , Error(%), Tiempo(sg) 
1, 98.3333, 1.66667, 0.339999
2, 100, 0, 0.336462
3, 98.3333, 1.66667, 0.330542
4, 100, 0, 0.341162
5, 98.3333, 1.66667, 0.343559
promedio, 99, 1, 0.338345
solucion: [ 0.85759, 0.592393, 0.56226, 0.517499 ]
