Particion, Aciertos(%) , Error(%), Tiempo(sg) 
1, 90.3084, 9.69163, 4.97282
2, 92.511, 7.48899, 5.77275
3, 93.3921, 6.60793, 8.95168
4, 94.2731, 5.72687, 9.9416
5, 94.2731, 5.72687, 12.8751
promedio, 92.9515, 7.04846, 8.50279
solucion: [ 0, 0.42997, 0.358516, 0.225372, 0.345299, 0.290591, 0.448042, 0.393694, 0.289752, 0.387479, 0.373981, 0.331858, 0.107168, 0.0947004, 0.197153, 0.168399, 0.0948739, 0.180669, 0.200516, 0.293597, 0.312683, 0.5582, 0.363999, 0.598294, 0.641888, 0.285804, 0.732027, 0.271917, 0.352243, 0.384153, 0.511341 ]
