Particion, Aciertos(%) , Error(%), Tiempo(sg) 
1, 95.1542, 4.84581, 7.7663
2, 93.8326, 6.1674, 4.42216
3, 90.7489, 9.2511, 5.62027
4, 93.3921, 6.60793, 3.07075
5, 96.0352, 3.96476, 12.9236
promedio, 93.8326, 6.1674, 6.76061
solucion: [ 0, 0.844003, 0.223375, 0.172769, 0.163528, 0.115969, 8.17851e-06, 0.168528, 8.82708e-06, 0.0715531, 0, 0.0822164, 0.020714, 0.000555397, 0.238487, 5.95637e-13, 0, 1.50832e-06, 4.76255e-08, 0, 3.19762e-08, 0.320458, 0.170734, 0.000270377, 0.198413, 0.100947, 0.333655, 0.240798, 0.336299, 9.14855e-05, 0.578491 ]
