Particion, Aciertos(%) , Error(%), Tiempo(sg) 
1, 92.0705, 7.92952, 4.52551
2, 93.8326, 6.1674, 4.83991
3, 92.511, 7.48899, 5.22042
4, 94.2731, 5.72687, 5.7093
5, 92.9515, 7.04846, 5.59812
promedio, 93.1278, 6.87225, 5.17865
solucion: [ 7.76028e-05, 0.471782, 0.343532, 0.358177, 0.157532, 0.139841, 0.069461, 0.189172, 0.114583, 0.263123, 0.174996, 0.33074, 0.0910086, 0.0367477, 0.0458189, 0.321003, 0.014273, 0.02115, 0.155725, 0.321106, 0.115546, 0.20122, 0.402321, 0.322425, 0.457312, 0.0866276, 0.7069, 0.312541, 0.42267, 0.403247, 0.550452 ]
