Particion, Aciertos(%) , Error(%), Tiempo(sg) 
1, 80.35, 19.65, 27.808
2, 80, 20, 48.8887
3, 80.95, 19.05, 51.4484
4, 80.2, 19.8, 49.5898
5, 80.65, 19.35, 48.0654
promedio, 80.43, 19.57, 45.16
solucion: [ 0.0725695, 0.110424, 0.15438, 0.212855, 0.346836, 0.578872, 0.41712, 0.43468, 0.555758, 0.643977, 0.896544, 0.58803, 0.442678, 0.364572, 0.465829, 0.524261, 0.687487, 0.356494, 0.291996, 0.0819609, 0.0647873, 0.061811, 0.0447683, 0.0789319, 0.0581195, 0.112504, 0.0167639, 0.0549439, 0.077373, 0.332895, 0.070913, 0.0782626, 0.0854856, 0.145493, 0.0451899, 0.0975667, 0.112547, 0.116908, 0.15378, 0.0884618 ]
