Particion, Aciertos(%) , Error(%), Tiempo(sg) 
1, 79.05, 20.95, 4.53505
2, 79.3, 20.7, 4.83505
promedio, 79.175, 20.825, 4.68505
solucion: [ 0.154868, 0.156435, 0.230505, 0.23091, 0.409402, 0.540752, 0.447326, 0.486668, 0.595332, 0.739282, 1, 0.753741, 0.569664, 0.419823, 0.479377, 0.627664, 0.613146, 0.38768, 0.233158, 0.133481, 0.0988431, 0.0509464, 0.0105559, 0.0818589, 0.0593236, 0.0868765, 0, 0.068282, 0.0521296, 0.19415, 0.0910738, 0.0730529, 0.0156522, 0.128726, 0.0497117, 0.136321, 0.126681, 0.121633, 0.163168, 0.0629059 ]
