Particion, Aciertos(%) , Error(%), Tiempo(sg) 
1, 76, 24, 90.4146
2, 77.15, 22.85, 94.071
3, 76.95, 23.05, 90.8371
4, 78.85, 21.15, 87.2551
5, 78.15, 21.85, 90.7283
promedio, 77.42, 22.58, 90.6612
solucion: [ 0.38912, 0.278517, 0.616091, 0.431669, 0.681046, 0.639353, 0.608565, 0.257908, 0.640378, 0.607474, 0.79214, 0.480965, 0.56912, 0.628247, 0.5584, 0.459967, 0.403128, 0.459428, 0.516515, 0.462748, 0.421581, 0.425581, 0.487288, 0.297473, 0.433099, 0.451453, 0.36835, 0.365904, 0.60668, 0.606664, 0.362178, 0.434142, 0.203072, 0.513281, 0.480134, 0.512319, 0.500334, 0.198388, 0.537309, 0.271623 ]
