Particion, Aciertos(%) , Error(%), Tiempo(sg) 
1, 79.2, 20.8, 88.3571
2, 79.35, 20.65, 91.3485
3, 80.45, 19.55, 85.4704
4, 79.95, 20.05, 86.2325
5, 79.2, 20.8, 87.3997
promedio, 79.63, 20.37, 87.7616
solucion: [ 0.21008, 0.322012, 0.272035, 0.333714, 0.598388, 0.491759, 0.471204, 0.478784, 0.69852, 0.729812, 0.823533, 0.612913, 0.525725, 0.495408, 0.52613, 0.582628, 0.61086, 0.361866, 0.285032, 0.169475, 0.203288, 0.147282, 0.0329262, 0.265677, 0.261781, 0.171767, 0.0800261, 0.219337, 0.156238, 0.275296, 0.0935546, 0.21404, 0.0492964, 0.341102, 0.111661, 0.132771, 0.15847, 0.330924, 0.180801, 0.0960393 ]
