Particion, Aciertos(%) , Error(%), Tiempo(sg) 
1, 83.6957, 16.3043, 149.919
2, 75.3261, 24.6739, 45.6347
3, 75.2174, 24.7826, 39.7025
4, 87.0652, 12.9348, 64.5066
5, 76.5217, 23.4783, 214.913
promedio, 79.5652, 20.4348, 102.935
solucion: [ 4.09709e-06, 9.9825e-05, 1.23584e-05, 0, 0.145211, 3.28157e-06, 0.200017, 5.49158e-06, 2.93378e-06, 0.136182, 5.42593e-06, 2.9914e-05, 2.81855e-06, 7.56121e-06, 3.34443e-06, 0.119822, 9.4542e-06, 1.18253e-05, 0.000143545, 3.93826e-06, 8.24468e-05, 2.87755e-05, 5.6649e-06, 1.63749e-06, 0.0921129, 4.88396e-05, 0.0868113, 2.35989e-05, 0.167358, 1.27008e-05, 1.00673e-05, 9.05514e-06, 0.0716068, 9.03481e-06, 1.66901e-05, 1.15566e-05, 1.03026e-05, 6.38976e-07, 3.86556e-06, 1.14972e-05, 6.76586e-06, 0.126983, 1.99491e-06, 8.39613e-06, 5.93499e-05, 4.45451e-05, 7.36158e-08, 1.01976e-06, 4.55664e-06, 0.177569, 9.18809e-08, 2.50817e-05, 2.98353e-06, 0.118426, 0.0108021, 0.451148, 0.34678 ]
