Particion, Aciertos(%) , Error(%), Tiempo(sg) 
1, 91.3043, 8.69565, 250.512
2, 87.1196, 12.8804, 294.885
3, 91.6848, 8.31522, 351.957
4, 92.7174, 7.28261, 282.244
5, 80.4348, 19.5652, 211.338
promedio, 88.6522, 11.3478, 278.187
solucion: [ 1.79256e-06, 0.183047, 4.85141e-06, 0.165984, 0.274715, 0.249568, 0.345823, 0.0325788, 8.39858e-07, 0.0416172, 0.31167, 0.0232825, 0.04738, 0.0278107, 0.106555, 0.547017, 0.193797, 0.125898, 0.0798424, 0.494991, 0.179201, 0.56062, 0.468844, 0.229696, 0.85052, 0.529061, 0.405401, 0.0426565, 0.0276043, 0.385917, 4.75656e-07, 0.450264, 0.0108565, 0.161304, 0.197269, 0.215609, 0.281888, 0.14288, 0.569438, 0.31442, 0.121922, 0.172963, 0.429751, 2.99902e-07, 0.224668, 0.171838, 0.121109, 0.61143, 0.479063, 2.24764e-06, 0.0216644, 0.27246, 0.397369, 0.154881, 0.154265, 0.0636318, 0.16537 ]
