Particion, Aciertos(%) , Error(%), Tiempo(sg) 
1, 89.0761, 10.9239, 95.5262
2, 84.4565, 15.5435, 95.1953
3, 83.2065, 16.7935, 101.227
4, 87.337, 12.663, 98.5232
5, 83.913, 16.087, 92.3228
promedio, 85.5978, 14.4022, 96.5588
solucion: [ 0.54579, 0.500536, 0.580165, 0.544954, 0.299684, 0.480964, 0.644486, 0.558669, 0.338608, 0.437874, 0.45488, 0.33827, 0.394592, 0.641467, 0.50518, 0.56588, 0.589224, 0.479649, 0.381911, 0.391486, 0.519313, 0.353006, 0.511883, 0.350351, 0.486862, 0.536579, 0.759347, 0.58594, 0.507144, 0.619606, 0.444091, 0.219438, 0.693361, 0.405922, 0.580766, 0.826696, 0.691007, 0.486258, 0.350578, 0.465346, 0.391131, 0.232784, 0.53462, 0.455134, 0.293964, 0.470687, 0.340095, 0.570539, 0.632425, 0.287155, 0.527239, 0.270678, 0.527675, 0.438586, 0.499927, 0.368492, 0.106701 ]
